"","X","x","y","z"
"1",1,-62.4366792799954,0.00112892740992029,-0.070486478623589
"2",2,194.234763543804,1.3158636530052e-05,0.00255586465497351
"3",3,70.1275626189715,0.782574044283462,54.8800102944703
"4",4,-57.5327572819894,0.0542640641944576,-3.12196123443402
"5",5,123.372753846132,0.0216889448519154,2.67582485439769
"6",6,-108.306393574602,0.0318897724778236,-3.45386624898767
"7",7,117.723307452437,0.901155812353516,106.087042760244
"8",8,47.8506927273467,1.04370851456443e-05,0.00049942175427338
"9",9,-29.382411777958,0.0512323627846565,-1.50533037969651
"10",10,-22.9527842414927,0.0630805742453925,-1.44787481048396
"11",11,-128.103024100144,0.000165805478745086,-0.0212401832396177
"12",12,11.9345808649804,0.72658314151054,8.67146525748904
"13",13,143.186067801127,0.00360782730641867,0.516590605311621
"14",14,-80.7426320671258,0.0130667237530196,-1.05504166831283
"15",15,118.409710903668,0.0598046697203788,7.0814536522794
"16",16,-55.319793897763,0.416840756275512,-23.059544725349
"17",17,-49.5043578666312,0.310481724821667,-15.3701984166207
"18",18,-37.8381066300966,0.293443418209545,-11.1033433481128
"19",19,54.4686678569102,4.70767262529225e-08,2.56420656606112e-06
"20",20,-67.9727330326238,0.0900111650795375,-6.11830489390683
"21",21,129.221666506881,1.53959755649178e-05,0.0019894936199979
"22",22,-1.89552862843002,0.0314144605434331,-0.0595470093067627
"23",23,76.8023311670812,0.0573799057084938,4.40691052055963
"24",24,-97.2808763198838,0.657983795816806,-64.0092402613424
"25",25,89.4181511400542,0.536103056569264,47.9373441389555
"26",26,-57.20427920228,0.0168958847148957,-0.966516906600429
"27",27,-78.7892507551686,3.48863551023523e-10,-2.74866978009309e-08
"28",28,-14.9177441013416,2.42038850258536e-06,-3.61067363073978e-05
"29",29,40.0828453415245,0.382329986469524,15.3248737170851
"30",30,49.7795738781675,0.0302046514783312,1.50357467972989
"31",31,-0.0515070583280242,0.397047111156135,-0.0204507287132926
"32",32,70.6022816462505,0.00762058066414166,0.5380303823577
"33",33,-64.0020129613474,1.80749408631096e-06,-0.000115683259939633
"34",34,77.8669515516721,0.25107028373983,19.5500776200339
"35",35,-6.10959096615433,0.327404102490619,-2.00030514685855
"36",36,60.9098592097418,0.493147985389366,30.0375743596341
"37",37,-103.165744612167,0.00248900377000714,-0.256779927275277
"38",38,9.5895884407264,1.54396960915577e-12,1.4806033116793e-11
"39",39,110.952272436884,2.07095454443145e-10,2.29777112818161e-08
"40",40,-55.4905837434011,0.246305766386513,-13.6676507561534
"41",41,32.0414216871537,0.0284402117816902,0.911264818569092
"42",42,-8.14668502867966,1.04555608325497e-05,-8.51781609009821e-05
"43",43,-48.7044965793568,5.65216891232388e-06,-0.000275286041456225
"44",44,-59.6599180666335,0.331215657387769,-19.7602989821405
"45",45,-15.5854798160865,1.23463830066486e-06,-1.92424303151795e-05
"46",46,6.32619086784052,0.0100773312676884,0.0637511210378541
"47",47,79.4818777760554,0.0771260944418913,6.13012681177491
"48",48,11.3788458973226,5.14145016244156e-05,0.000585037690871868
"49",49,-29.1029848030388,0.199700146780461,-5.81187033691637
"50",50,61.8515019835636,0.221713852306004,13.7133347756883
"51",51,-5.92548071616847,0.0718348065720455,-0.425655761092348
"52",52,-62.0944725001324,0.0677350833031684,-4.20597426746277
"53",53,27.9986568401139,0.0801165042804288,2.24315451057724
"54",54,-41.7769263101647,4.17835664340728e-06,-0.000174558897589213
"55",55,-73.7944348368276,0.034658567923216,-2.55760943214753
"56",56,17.1890696005904,0.226984198086024,3.90164717913486
"57",57,-82.4051422172477,0.0736693271897821,-6.07073138412295
"58",58,-96.1888329964438,0.872962903076251,-83.9692828960923
"59",59,84.2740151528042,0.204428308310056,17.2279943521838
"60",60,117.843588453031,0.246264288743102,29.0206674933205
"61",61,-29.1448963304181,7.71864210849003e-05,-0.00224959024063542
"62",62,-13.6912457960859,0.142970330112754,-1.95744193112126
"63",63,20.8698923705387,4.68918904442303e-06,9.78628706622179e-05
"64",64,-62.4123472095292,0.0150903234419484,-0.941822506162981
"65",65,-180.343024330964,0.00154020658483072,-0.277765513602838
"66",66,22.3096422205362,0.295541396616907,6.59342281988078
"67",67,60.1057122018077,0.0933203048417188,5.60908338540131
"68",68,153.940216911902,0.922376597202436,141.990853447805
"69",69,-57.6855704321536,0.376720028344221,-21.7313097282535
"70",70,161.912307843231,1.58246742861664e-07,2.56220953454064e-05
"71",71,-53.3306265959692,1.81152868953833e-07,-9.66099601096541e-06
"72",72,92.5350269548799,9.28185078662171e-08,8.58896312731213e-06
"73",73,47.6432325112678,0.00553152919383968,0.26353993152497
"74",74,19.7104502569415,1.50570243146752e-05,0.000296780728771964
"75",75,55.9504819716119,0.362654235698656,20.2906792763863
"76",76,22.5824752553728,6.93095478755769e-05,0.00156518114986129
"77",77,79.9636907962397,0.11779104044847,9.41900633698882
"78",78,-9.871702846002,0.393408834450797,-3.88361511069026
"79",79,23.4852956694748,0.190221223874577,4.4674016853038
"80",80,55.5933935644527,0.0731681539300132,4.06766597781568
"81",81,-66.2250357959055,6.50153410134846e-11,-4.30564328590102e-09
"82",82,-75.3355497235401,0.00110747693603616,-0.083432383782426
"83",83,-70.6003041125825,0.507848672615524,-35.8542707298273
"84",84,120.284931882982,0.0152974787448604,1.8400561888069
"85",85,-18.7414989155351,0.788498360676999,-14.7776411715292
"86",86,121.144941011131,0.244927907232069,29.6717768736088
"87",87,151.328060254065,0.165706673421626,25.0760694600485
"88",88,129.71999218616,0.292668295598443,37.9649290181668
"89",89,30.9545618293077,0.000709416306317848,0.0219596709166349
"90",90,-38.536952020834,4.98574423812124e-06,-0.000192135386492628
"91",91,-195.301819391811,0.0476749920180148,-9.31101268060836
"92",92,67.9166418738502,7.84205922705228e-08,5.32606328077232e-06
"93",93,58.7905415994472,0.669435631301333,39.3564833301732
"94",94,-139.348270603237,0.124531437885756,-17.3532405051145
"95",95,-151.166303035449,0.897221369859763,-135.629637486102
"96",96,-30.3466083809045,0.242899724406951,-7.37118281240737
"97",97,4.66553911756244,0.00314126027004566,0.0146556726683428
"98",98,51.2292993510031,2.20966214785786e-08,1.13199443637191e-06
"99",99,-22.8777318535255,0.615458977968548,-14.0803054648093
"100",100,45.2135845659469,0.127103873654625,5.74682174014282
"101",101,-0.483862223478861,0.00112892740992029,-0.000546245326710263
"102",102,46.314717710281,1.3158636530052e-05,0.00060943853634155
"103",103,88.9703053328784,0.782574044283462,69.6258516654851
"104",104,-26.9291916852088,0.0542640641944576,-1.46128738631102
"105",105,0.0105922782441112,0.0216889448519154,0.000229735338692671
"106",106,-58.9962775185545,0.0318897724778236,-1.88137786710524
"107",107,-51.584207880256,0.901155812353516,-46.4854087569447
"108",108,50.6463760952358,1.04370851456443e-05,0.0005286005396243
"109",109,108.929907739935,0.0512323627846565,5.58073655143151
"110",110,-99.5917959436614,0.0630805742453925,-6.28230767825611
"111",111,-46.4609796406862,0.000165805478745086,-0.00770348497228967
"112",112,-57.7980974310419,0.72658314151054,-41.9951232047787
"113",113,-85.3889769149336,0.00360782730641867,-0.308068682580851
"114",114,20.7287492422756,0.0130667237530196,0.27085684009443
"115",115,-84.9765240657771,0.0598046697203788,-5.08199295573962
"116",116,15.8527326517732,0.416840756275512,6.60806506759864
"117",117,-90.216736705157,0.310481724821667,-28.0106480199993
"118",118,-129.556286213594,0.293443418209545,-38.0174394770512
"119",119,-36.2203253447818,4.70767262529225e-08,-1.70513434104808e-06
"120",120,-68.2650669609805,0.0900111650795375,-6.1446182113905
"121",121,112.591353793735,1.53959755649178e-05,0.00173345373182936
"122",122,69.7355268227044,0.0314144605434331,2.19070395584737
"123",123,-112.291109633239,0.0573799057084938,-6.44325328265739
"124",124,-29.8590496924769,0.657983795816806,-19.6467708561386
"125",125,27.3758458290888,0.536103056569264,14.6762746251434
"126",126,23.7249385535666,0.0168958847148957,0.400853826669046
"127",127,-32.4458958296105,3.48863551023523e-10,-1.13191904352572e-08
"128",128,-18.0014758355167,2.42038850258536e-06,-4.35705651418528e-05
"129",129,49.5041367662744,0.382329986469524,18.9269159400352
"130",130,-103.506489820115,0.0302046514783312,-3.12637745076201
"131",131,67.9029910830125,0.397047111156135,26.9606864483709
"132",132,-15.4020852223404,0.00762058066414166,-0.117372832832829
"133",133,-22.7863383509531,1.80749408631096e-06,-4.11861718180284e-05
"134",134,54.9102489976294,0.25107028373983,13.7863317960595
"135",135,-44.8774118681558,0.327404102490619,-14.6930487547954
"136",136,-40.6319594936426,0.493147985389366,-20.0375689667122
"137",137,-102.758592918862,0.00248900377000714,-0.255766525175677
"138",138,-27.7950045494793,1.54396960915577e-12,-4.29146423107424e-11
"139",139,132.726751809968,2.07095454443145e-10,2.74871069828478e-08
"140",140,78.8891886908334,0.246305766386513,19.430862080106
"141",141,145.676635324203,0.0284402117816902,4.14307436026438
"142",142,29.9457220901898,1.04555608325497e-05,0.000313099318988607
"143",143,25.488763253265,5.65216891232388e-06,0.000144066795273688
"144",144,-11.7235883554398,0.331215657387769,-3.88303602409059
"145",145,11.277729956044,1.23463830066486e-06,1.39239173482873e-05
"146",146,-55.4930415656002,0.0100773312676884,-0.559221762908155
"147",147,111.577843617588,0.0771260944418913,8.60556330447267
"148",148,-94.3175073480187,5.14145016244156e-05,-0.00484928763475554
"149",149,-43.2947404520322,0.199700146780461,-8.64596602309279
"150",150,54.0755496034699,0.221713852306004,11.9892984181497
"151",151,-37.7625016625453,0.0718348065720455,-2.71266200260549
"152",152,203.567776764239,0.0677350833031684,13.7886803169665
"153",153,-43.4394674942066,0.0801165042804288,-3.48021828343915
"154",154,-48.7308032875688,4.17835664340728e-06,-0.000203614675655186
"155",155,-36.5584436471857,0.034658567923216,-1.26706330231305
"156",156,-51.1971907586234,0.226984198086024,-11.6209532886033
"157",157,58.2716289393438,0.0736693271897821,4.29283169821409
"158",158,131.360056984466,0.872962903076251,114.672456693421
"159",159,81.3482241500445,0.204428308310056,16.6298798470208
"160",160,149.649593852717,0.246264288743102,36.8533507908334
"161",161,72.1505778977626,7.71864210849003e-05,0.0055690448871356
"162",162,-6.49061387458195,0.142970330112754,-0.927965208283403
"163",163,8.17361967452575,4.68918904442303e-06,3.83276478310667e-05
"164",164,-7.58789448151177,0.0150903234419484,-0.114503781969388
"165",165,2.84273718853736,0.00154020658483072,0.00437840253672841
"166",166,61.3021970403848,0.295541396616907,18.1173369290001
"167",167,-6.2108903784641,0.0933203048417188,-0.579602183456768
"168",168,132.215897161746,0.922376597202436,121.952849320118
"169",169,40.7157146248594,0.376720028344221,15.3384251675322
"170",170,137.370532629485,1.58246742861664e-07,2.17384393537879e-05
"171",171,-6.04899843965798,1.81152868953833e-07,-1.0957934216413e-06
"172",172,-13.992835474603,9.28185078662171e-08,-1.29879410957012e-06
"173",173,-8.03477997135658,0.00553152919383968,-0.0444446199776373
"174",174,61.120141560157,1.50570243146752e-05,0.000920287457587674
"175",175,95.0289769461399,0.362654235698656,34.4626610036276
"176",176,0.354903131651348,6.93095478755769e-05,2.45981755943813e-05
"177",177,-8.26081973694951,0.11779104044847,-0.973050551772539
"178",178,36.8803792016405,0.393408834450797,14.5090669958208
"179",179,-91.2490567953867,0.190221223874577,-17.3575072610192
"180",180,-79.3973196950688,0.0731681539300132,-5.80935530907926
"181",181,31.6137771852835,6.50153410134846e-11,2.05538050442553e-09
"182",182,15.7088640612554,0.00110747693603616,0.0173972046391677
"183",183,0.646772485924705,0.507848672615524,0.328462548461104
"184",184,45.1225907136826,0.0152974787448604,0.690261872355595
"185",185,163.40563374083,0.788498360676999,128.845074330031
"186",186,-65.5036809714319,0.244927907232069,-16.0436794963299
"187",187,-11.0251518350774,0.165706673421626,-1.82694123455901
"188",188,71.7427143308944,0.292668295598443,20.9968179248289
"189",189,20.9234610793465,0.000709416306317848,0.0148434444742952
"190",190,-84.896955431136,4.98574423812124e-06,-0.000423274506374822
"191",191,-1.60940310913105,0.0476749920180148,-0.076728280381591
"192",192,2.84570451559791,7.84205922705228e-08,2.23161833540089e-07
"193",193,54.5678980373867,0.669435631301333,36.5296952714447
"194",194,-62.2350553223086,0.124531437885756,-7.75022092618666
"195",195,0.0457748570613834,0.897221369859763,0.0410701799577493
"196",196,-170.792877460176,0.242899724406951,-41.4855428657469
"197",197,-65.5699001986476,0.00314126027004566,-0.205972122404871
"198",198,21.1169343484943,2.20966214785786e-08,4.66612905086673e-07
"199",199,-45.8935192211662,0.615458977968548,-28.2455784352389
"200",200,22.7756446486708,0.127103873654625,2.89487265982729
"201",201,-18.7270558522351,0.00112892740992029,-0.0211414866586964
"202",202,7.7066866485087,1.3158636530052e-05,0.000101409488458731
"203",203,70.8804961893736,0.782574044283462,55.4692365637366
"204",204,131.157654872307,0.0542640641944576,7.11714740358538
"205",205,91.1570049243088,0.0216889448519154,1.97709925266911
"206",206,112.581113758579,0.0318897724778236,3.59018610306106
"207",207,31.3534790679824,0.901155812353516,28.2543698996166
"208",208,-59.0671661994987,1.04370851456443e-05,-0.000616489042936091
"209",209,-30.2708603654998,0.0512323627846565,-1.55084770004897
"210",210,-7.09978932383245,0.0630805742453925,-0.447858787568658
"211",211,9.29383223401556,0.000165805478745086,0.00154096830293746
"212",212,140.046055992457,0.72658314151054,101.75510331916
"213",213,-8.02851272702376,0.00360782730641867,-0.0289654874464861
"214",214,45.7407806416136,0.0130667237530196,0.597682144891431
"215",215,30.6945002135716,0.0598046697203788,1.83567444750475
"216",216,-28.7667752358147,0.416840756275512,-11.9911643449047
"217",217,21.2194695470066,0.310481724821667,6.58825750475545
"218",218,-29.584653344706,0.293443418209545,-8.68142180401498
"219",219,43.8933790386576,4.70767262529225e-08,2.06635658931865e-06
"220",220,-50.0351985966407,0.0900111650795375,-4.50372652066967
"221",221,-191.737281671834,1.53959755649178e-05,-0.00295198250350332
"222",222,66.3010610766735,0.0314144605434331,2.08281206718091
"223",223,-10.6000839092523,0.0573799057084938,-0.608231815215019
"224",224,-121.234648706172,0.657983795816806,-79.7704343402041
"225",225,103.815643992809,0.536103056569264,55.6558840642515
"226",226,7.03561815655071,0.0168958847148957,0.118872993271108
"227",227,60.2306238497801,3.48863551023523e-10,2.10122693165964e-08
"228",228,36.4051382188243,2.42038850258536e-06,8.81145779798732e-05
"229",229,-33.5753882440105,0.382329986469524,-12.8368777330415
"230",230,-23.0885943720397,0.0302046514783312,-0.697382946132018
"231",231,-102.31728454085,0.397047111156135,-40.6247822482848
"232",232,69.3120893140565,0.00762058066414166,0.528198367617959
"233",233,-0.166508811445224,1.80749408631096e-06,-3.00963692005909e-07
"234",234,-57.5610098509449,0.25107028373983,-14.4518590756279
"235",235,112.314226909666,0.327404102490619,36.7721386582869
"236",236,128.477401142363,0.493147985389366,63.3583715414177
"237",237,-4.23158300379315,0.00248900377000714,-0.0105324260495393
"238",238,-36.3296445829706,1.54396960915577e-12,-5.60918671475372e-11
"239",239,3.24608264281821,2.07095454443145e-10,6.72248960074442e-10
"240",240,-11.1153844335029,0.246305766386513,-2.73778328157465
"241",241,76.5355211264885,0.0284402117816902,2.17668642965936
"242",242,-63.9474491050203,1.04555608325497e-05,-0.000668606444203916
"243",243,51.724614031705,5.65216891232388e-06,0.000292356255431955
"244",244,-82.5590087628836,0.331215657387769,-27.3448363606811
"245",245,147.922030579863,1.23463830066486e-06,0.000182630204466017
"246",246,15.9279168993381,0.0100773312676884,0.160510894998842
"247",247,-27.3233197998001,0.0771260944418913,-2.10734094334538
"248",248,61.2145422824843,5.14145016244156e-05,0.00314731518362065
"249",249,-45.2996436280092,0.199700146780461,-9.04634548161601
"250",250,6.67577788191206,0.221713852306004,1.48011243133794
"251",251,-173.908318711621,0.0718348065720455,-12.4926704359189
"252",252,-33.6286800544876,0.0677350833031684,-2.27784144486632
"253",253,8.11964879065415,0.0801165042804288,0.650517877092022
"254",254,25.9733784192148,4.17835664340728e-06,0.000108526038269657
"255",255,-75.1762376489141,0.034658567923216,-2.60550073876672
"256",256,52.3512356538046,0.226984198086024,11.8829032436913
"257",257,-25.1072664697849,0.0736693271897821,-1.84963542840363
"258",258,-37.8979467939381,0.872962903076251,-33.0835016538655
"259",259,59.526978375462,0.204428308310056,12.168999488105
"260",260,-0.92473697838015,0.246264288743102,-0.227729694255233
"261",261,-8.10225032690909,7.71864210849003e-05,-0.000625383705468076
"262",262,45.5227378735201,0.142970330112754,6.50840086141354
"263",263,50.6798419961943,4.68918904442303e-06,0.000237647359861644
"264",264,112.362867626962,0.0150903234419484,1.69559201535569
"265",265,53.6138046541868,0.00154020658483072,0.0825763349662064
"266",266,73.1223028068316,0.295541396616907,21.6106674953754
"267",267,14.9082780911844,0.0933203048417188,1.39124505613445
"268",268,147.431661773367,0.922376597202436,135.987514506419
"269",269,23.1123345012181,0.376720028344221,8.7068793084
"270",270,96.0437194855195,1.58246742861664e-07,1.51986057809028e-05
"271",271,-135.089802530698,1.81152868953833e-07,-2.44719052948427e-05
"272",272,-125.89510779436,9.28185078662171e-08,-1.16853960531291e-05
"273",273,-27.2528940146588,0.00553152919383968,-0.150750178858704
"274",274,178.671520123192,1.50570243146752e-05,0.00269026142283488
"275",275,125.459895010295,0.362654235698656,45.4985623357922
"276",276,-46.0092461128245,6.93095478755769e-05,-0.00318888004617601
"277",277,16.9637702998112,0.11779104044847,1.99818015354361
"278",278,-62.0593370768098,0.393408834450797,-24.4146914661769
"279",279,-26.2530548474365,0.190221223874577,-4.99388822352577
"280",280,-6.62869167966155,0.0731681539300132,-0.485009133172074
"281",281,9.83392553740992,6.50153410134846e-11,6.39356022315921e-10
"282",282,-7.56191134414568,0.00110747693603616,-0.00837464240599154
"283",283,26.7044447008086,0.507848672615524,13.5618167942403
"284",284,169.025255132058,0.0152974787448604,2.58566024772726
"285",285,-9.60784960971644,0.788498360676999,-7.57577366689256
"286",286,22.7030809637139,0.244927907232069,5.56061810816267
"287",287,56.7115906380805,0.165706673421626,9.39748902908535
"288",288,-35.1273165071165,0.292668295598443,-10.2806518510848
"289",289,78.2461362276538,0.000709416306317848,0.0555090849462653
"290",290,-61.1776407562324,4.98574423812124e-06,-0.000305016069902237
"291",291,35.4031642520183,0.0476749920180148,1.68784557312744
"292",292,86.9767673200981,7.84205922705228e-08,6.82076960701755e-06
"293",293,105.366592787128,0.669435631301333,70.5361515605215
"294",294,130.118063646157,0.124531437885756,16.2037895607662
"295",295,105.561699802937,0.897221369859763,94.7122129019162
"296",296,62.6695942463676,0.242899724406951,15.2224271711381
"297",297,148.249120321635,0.00314126027004566,0.465689071735571
"298",298,64.210538888571,2.20966214785786e-08,1.4188359727563e-06
"299",299,249.766089509796,0.615458977968548,153.7207821809
"300",300,6.38408004293985,0.127103873654625,0.81144130317884
"301",301,-138.542557310392,0.00112892740992029,-0.156404490388154
"302",302,26.5234806050829,1.3158636530052e-05,0.00034901284079417
"303",303,-52.6038397773726,0.782574044283462,-41.1663996394177
"304",304,45.3296200064184,0.0542640641944576,2.45976940993866
"305",305,63.9324858623993,0.0216889448519154,1.38662816011544
"306",306,-16.8713490098166,0.0318897724778236,-0.538023481317006
"307",307,142.750833063575,0.901155812353516,128.640742933547
"308",308,-24.4274529170648,1.04370851456443e-05,-0.000254951405986623
"309",309,-89.2198464587115,0.0512323627846565,-4.57094354136406
"310",310,47.6638282420093,0.0630805742453925,3.0066616562397
"311",311,-37.970169348262,0.000165805478745086,-0.00629566210682057
"312",312,65.002390632547,0.72658314151054,47.2296411914913
"313",313,-40.8480101493876,0.00360782730641867,-0.147372566429828
"314",314,-37.8171188240053,0.0130667237530196,-0.494145844808395
"315",315,-46.0551122529361,0.0598046697203788,-2.75431077722181
"316",316,39.697152482551,0.416840756275512,16.5473910628109
"317",317,-15.6233790823406,0.310481724821667,-4.85077368502786
"318",318,-70.9143834925311,0.293443418209545,-20.8093590922709
"319",319,62.4775507336514,4.70767262529225e-08,2.94123855284118e-06
"320",320,-100.056739109972,0.0900111650795375,-9.00622366134791
"321",321,229.814267032674,1.53959755649178e-05,0.00353821483970454
"322",322,-7.60438207072307,0.0314144605434331,-0.23888756051792
"323",323,-7.64529749855832,0.0573799057084938,-0.43868644958066
"324",324,33.7979097307163,0.657983795816806,22.2384769352905
"325",325,46.7197681992833,0.536103056569264,25.0466105338433
"326",326,63.3605993933496,0.0168958847148957,1.07053338281673
"327",327,-21.6648704451737,3.48863551023523e-10,-7.55808363596787e-09
"328",328,90.3344052823667,2.42038850258536e-06,0.000218644355933327
"329",329,256.464423129947,0.382329986469524,98.0540394251869
"330",330,110.841353775408,0.0302046514783312,3.34792446017261
"331",331,-11.7999453066504,0.397047111156135,-4.68513419580593
"332",332,-80.6668217420169,0.00762058066414166,-0.614728022004976
"333",333,-95.4002383298607,1.80749408631096e-06,-0.000172435366613879
"334",334,65.9362101277209,0.25107028373983,16.5546229854959
"335",335,-119.002672751063,0.327404102490619,-38.9619632660466
"336",336,73.9633508050659,0.493147985389366,36.4748774421652
"337",337,-87.8345853405979,0.00248900377000714,-0.218620614049762
"338",338,19.6820860214689,1.54396960915577e-12,3.03885426619376e-11
"339",339,-35.4036315919169,2.07095454443145e-10,-7.33193117346571e-09
"340",340,-31.6203449600916,0.246305766386513,-7.78827329880128
"341",341,-26.5754440725848,0.0284402117816902,-0.755811257616775
"342",342,-55.2800158164379,1.04555608325497e-05,-0.000577983568193076
"343",343,39.5489210475145,5.65216891232388e-06,0.000223537182060713
"344",344,33.3636186458483,0.331215657387769,11.0505528826195
"345",345,-119.857570962991,1.23463830066486e-06,-0.000147980747735565
"346",346,0.816704993263187,0.0100773312676884,0.00823020676508836
"347",347,-16.9250903950283,0.0771260944418913,-1.3053661202445
"348",348,33.4622968441371,5.14145016244156e-05,0.00172044731544956
"349",349,5.29436887877059,0.199700146780461,1.05728624220039
"350",350,17.187178666827,0.221713852306004,3.81063559249378
"351",351,-26.8492370401849,0.0718348065720455,-1.92870974938868
"352",352,11.0695596390745,0.0677350833031684,0.749797544282102
"353",353,49.8074191826071,0.0801165042804288,3.99039631214045
"354",354,54.6691159013759,4.17835664340728e-06,0.000228427063615717
"355",355,-13.8606372683846,0.034658567923216,-0.480389838225367
"356",356,-110.018367074566,0.226984198086024,-24.9724308251542
"357",357,-160.329226510725,0.0736693271897821,-11.8113462459033
"358",358,135.374220768641,0.872962903076251,118.176672763878
"359",359,-82.5887469186761,0.204428308310056,-16.8834778180323
"360",360,-8.27001199943018,0.246264288743102,-2.03660862293659
"361",361,95.2238151235826,7.71864210849003e-05,0.00734998549143954
"362",362,-5.04216058199673,0.142970330112754,-0.720879362889588
"363",363,-163.746920389789,4.68918904442303e-06,-0.000767840265149809
"364",364,-17.8778434225036,0.0150903234419484,-0.269782439690089
"365",365,-97.3925183599388,0.00154020658483072,-0.150004598091225
"366",366,113.391095520885,0.295541396616907,33.5117627341635
"367",367,86.2326686947616,0.0933203048417188,8.04725892991009
"368",368,-54.1073590201807,0.922376597202436,-49.9073616966448
"369",369,37.324855903775,0.376720028344221,14.0610207740141
"370",370,-23.3742559319328,1.58246742861664e-07,-3.69889986804329e-06
"371",371,113.676104813049,1.81152868953833e-07,2.05927525183804e-05
"372",372,-135.168138260495,9.28185078662171e-08,-1.25461049043937e-05
"373",373,-76.7161091264428,0.00553152919383968,-0.424357397270709
"374",374,17.7396563712209,1.50570243146752e-05,0.000267106437315456
"375",375,-162.791031198622,0.362654235698656,-59.0368569979323
"376",376,8.96663952229346,6.93095478755769e-05,0.000621473731253439
"377",377,10.7901554145383,0.11779104044847,1.27098363287916
"378",378,-124.386196924299,0.393408834450797,-48.9346287537558
"379",379,98.2767827955842,0.190221223874577,18.694329901832
"380",380,29.638860796391,0.0731681539300132,2.16862072906057
"381",381,153.534632861031,6.50153410134846e-11,9.98210651284009e-09
"382",382,34.274774138306,0.00110747693603616,0.0379585218460225
"383",383,138.015951527269,0.507848672615524,70.0912177828921
"384",384,115.922522511753,0.0152974787448604,1.77332232417414
"385",385,-67.4024579990532,0.788498360676999,-53.1467276378537
"386",386,148.081172038012,0.244927907232069,36.2692115677423
"387",387,-46.711743314364,0.165706673421626,-7.74044759434814
"388",388,-78.3566894897064,0.292668295598443,-22.9325187616888
"389",389,-49.2500950749353,0.000709416306317848,-0.0349388205338634
"390",390,152.352847942184,4.98574423812124e-06,0.000759592333789105
"391",391,33.9235305266697,0.0476749920180148,1.61730404708186
"392",392,14.137265696534,7.84205922705228e-08,1.10865274900794e-06
"393",393,99.0845332491857,0.669435631301333,66.3307170678665
"394",394,-91.244664416041,0.124531437885756,-11.3628292591329
"395",395,-22.3896674842621,0.897221369859763,-20.0884881309342
"396",396,-53.5642817639522,0.242899724406951,-13.0107492785203
"397",397,-30.9514896743049,0.00314126027004566,-0.0972266848126225
"398",398,11.520551084967,2.20966214785786e-08,2.54565256549144e-07
"399",399,20.6575306722504,0.615458977968548,12.7138627148972
"400",400,44.5937149872253,0.127103873654625,5.66803391552664
"401",401,66.4886737862505,0.00112892740992029,0.0750608862865469
"402",402,-96.4721081924722,1.3158636530052e-05,-0.00126944140699259
"403",403,33.4225385516565,0.782574044283462,26.1556111645898
"404",404,-44.1491997108236,0.0542640641944576,-2.39571500724206
"405",405,-45.8409392040366,0.0216889448519154,-0.994241602356357
"406",406,-50.1267987512305,0.0318897724778236,-1.59853220721839
"407",407,76.0054756645128,0.901155812353516,68.4927761657694
"408",408,135.929704714788,1.04370851456443e-05,0.00141870990193053
"409",409,-31.8755394806962,0.0512323627846565,-1.63305920263167
"410",410,66.0490471734523,0.0630805742453925,4.16641182406239
"411",411,86.6275352771798,0.000165805478745086,0.0143633199591396
"412",412,103.230320226195,0.72658314151054,75.0054103690878
"413",413,22.8164983149876,0.00360782730641867,0.0823179856576678
"414",414,181.683508134485,0.0130667237530196,2.3740082112728
"415",415,0.424608345204977,0.0598046697203788,0.0253935618455002
"416",416,-51.4526938680103,0.416840756275512,-21.4475798243538
"417",417,-29.0144663724092,0.310481724821667,-9.00846156408586
"418",418,-64.9276152622795,0.293443418209545,-19.0525813587575
"419",419,-53.969740990882,4.70767262529225e-08,-2.54071872256888e-06
"420",420,18.8387676493458,0.0900111650795375,1.69569942478032
"421",421,-107.835063688771,1.53959755649178e-05,-0.00166022600559367
"422",422,7.31216146569,0.0314144605434331,0.22970760785113
"423",423,-56.9958980336673,0.0573799057084938,-3.27041925494276
"424",424,182.174981088051,0.657983795816806,119.868185559171
"425",425,-34.4177501405211,0.536103056569264,-18.4514610505706
"426",426,-69.3740808224567,0.0168958847148957,-1.17213647177809
"427",427,-30.6773938933804,3.48863551023523e-10,-1.0702224569792e-08
"428",428,-157.122560663444,2.42038850258536e-06,-0.000380297639326571
"429",429,-200.23969494134,0.382329986469524,-76.5576398575841
"430",430,48.9652495051522,0.0302046514783312,1.47897829585265
"431",431,26.5198128024538,0.397047111156135,10.5296150616158
"432",432,147.255398413034,0.00762058066414166,1.12217164183684
"433",433,72.93636929162,1.80749408631096e-06,0.000131832056171595
"434",434,-23.8691553833554,0.25107028373983,-5.99283561472913
"435",435,120.603860526885,0.327404102490619,39.4861987127086
"436",436,3.9686487139333,0.493147985389366,1.95713111799431
"437",437,121.008636626197,0.00248900377000714,0.301190952766028
"438",438,44.2448797218877,1.54396960915577e-12,6.8312749651347e-11
"439",439,41.9246973086854,2.07095454443145e-10,8.6824142415335e-09
"440",440,140.0533526407,0.246305766386513,34.4959483571682
"441",441,122.796071296935,0.0284402117816902,3.49234627364436
"442",442,-24.9671021917031,1.04555608325497e-05,-0.000261045055777837
"443",443,41.9706242399708,5.65216891232388e-06,0.00023722505755999
"444",444,-37.167681640712,0.331215657387769,-12.3105181082077
"445",445,51.1375527925966,1.23463830066486e-06,6.3136381280011e-05
"446",446,70.6112413905645,0.0100773312676884,0.711572870715429
"447",447,-47.7948326428489,0.0771260944418913,-3.68622877624675
"448",448,39.9489439304032,5.14145016244156e-05,0.0020539550426034
"449",449,-10.9870762200667,0.199700146780461,-2.19412073383543
"450",450,-19.7767745737932,0.221713852306004,-4.38478487694312
"451",451,119.439584567879,0.0718348065720455,8.57991945447906
"452",452,83.7356520313867,0.0677350833031684,5.6718413657911
"453",453,17.7461691929939,0.0801165042804288,1.42176104011171
"454",454,97.6680568806649,4.17835664340728e-06,0.000408091974316006
"455",455,49.1751179759688,0.034658567923216,1.70433916650227
"456",456,7.21119135642703,0.226984198086024,1.63682648728346
"457",457,-86.0932462407705,0.0736693271897821,-6.3424315261418
"458",458,-73.1078039905387,0.872962903076251,-63.8204008091102
"459",459,44.3215374248297,0.204428308310056,9.06057691745877
"460",460,-63.0169818833161,0.246264288743102,-15.5188322222318
"461",461,31.4374156613437,7.71864210849003e-05,0.00242654160305751
"462",462,78.9514235999378,0.142970330112754,11.287711094955
"463",463,-17.7121254145508,4.68918904442303e-06,-8.30555044473583e-05
"464",464,-37.19160644007,0.0150903234419484,-0.561233370506307
"465",465,-86.3854846348711,0.00154020658483072,-0.133051492268421
"466",466,43.3018237952958,0.295541396616907,12.7974814805209
"467",467,31.5367029793948,0.0933203048417188,2.94301473573986
"468",468,-64.756325505234,0.922376597202436,-59.7297191668511
"469",469,178.067189179908,0.376720028344221,67.0814765550307
"470",470,213.671479714676,1.58246742861664e-07,3.38128157072796e-05
"471",471,236.14726318656,1.81152868953833e-07,4.27787542218412e-05
"472",472,145.08582339618,9.28185078662171e-08,1.34666496401749e-05
"473",473,20.7268184639776,0.00553152919383968,0.114651001428907
"474",474,237.895377356388,1.50570243146752e-05,0.00358199648120397
"475",475,19.1804155862037,0.362654235698656,6.95585895479729
"476",476,-10.6035867630908,6.93095478755769e-05,-0.000734929804409275
"477",477,37.9998014877248,0.11779104044847,4.47603615407442
"478",478,76.5614636470154,0.393408834450797,30.1199561772194
"479",479,-5.72845874611292,0.190221223874577,-1.08967443360062
"480",480,38.8959593557455,0.0731681539300132,2.84594554139672
"481",481,58.8738095937101,6.50153410134846e-11,3.82770080749802e-09
"482",482,131.012246523416,0.00110747693603616,0.145093041362967
"483",483,-124.534567916867,0.507848672615524,-63.2447150113287
"484",484,116.005521717179,0.0152974787448604,1.77459200275499
"485",485,21.5842892810638,0.788498360676999,17.0191767144969
"486",486,49.4449810645807,0.244927907232069,12.110455735277
"487",487,-34.9206303611844,0.165706673421626,-5.7865814909381
"488",488,14.2783827175444,0.292668295598443,4.17882993384598
"489",489,111.034183788666,0.000709416306317848,0.0787694605383725
"490",490,160.812476425562,4.98574423812124e-06,0.000801769877756754
"491",491,88.9023984232838,0.0476749920180148,4.23842113521243
"492",492,105.804774858574,7.84205922705228e-08,8.29727310945869e-06
"493",493,24.1850578636894,0.669435631301333,16.1903394790382
"494",494,-59.7965262573198,0.124531437885756,-7.4465473953974
"495",495,108.439495878752,0.897221369859763,97.294233039236
"496",496,116.551378619534,0.242899724406951,28.310297745935
"497",497,-124.172847199487,0.00314126027004566,-0.390059231526199
"498",498,88.6227540104516,2.20966214785786e-08,1.95826344975813e-06
"499",499,28.0449170225454,0.615458977968548,17.2604959679085
"500",500,-113.806829014278,0.127103873654625,-14.4652888160643
"501",501,-35.4616985647851,0.00112892740992029,-0.0400336835121169
"502",502,-76.3457307018966,1.3158636530052e-05,-0.00100460572092749
"503",503,193.309063914817,0.782574044283462,151.278655944469
"504",504,-54.3043714688447,0.0542640641944576,-2.94677589942506
"505",505,-81.3284700312019,0.0216889448519154,-1.76392870139739
"506",506,7.07973929332819,0.0318897724778236,0.225771275266544
"507",507,-27.0772910938033,0.901155812353516,-24.4008582519689
"508",508,10.447821185211,1.04370851456443e-05,0.000109044799296514
"509",509,39.7965942442419,0.0512323627846565,2.03887355391477
"510",510,-8.67792988404728,0.0630805742453925,-0.547408800346955
"511",511,-65.7026084491686,0.000165805478745086,-0.0108938524487153
"512",512,115.81297032836,0.72658314151054,84.1477518088468
"513",513,21.7717307064636,0.00360782730641867,0.0785486445507732
"514",514,-106.972021608913,0.0130667237530196,-1.39777385566571
"515",515,1.20681115723312,0.0598046697203788,0.0721729426731949
"516",516,213.523307177787,0.416840756275512,89.0052168464372
"517",517,-23.4183007948843,0.310481724821667,-7.27095442318829
"518",518,-18.5294896114677,0.293443418209545,-5.43735676926734
"519",519,-86.6056636399635,4.70767262529225e-08,-4.07711111913124e-06
"520",520,-175.342471191595,0.0900111650795375,-15.7827801198807
"521",521,-4.9878300177027,1.53959755649178e-05,-7.67925090745143e-05
"522",522,-168.920239019374,0.0314144605434331,-5.30653818366141
"523",523,29.2296771086291,0.0573799057084938,1.67719611638286
"524",524,0.999918307208299,0.657983795816806,0.657930043283632
"525",525,101.418906296506,0.536103056569264,54.3709856594686
"526",526,103.818548422007,0.0168958847148957,1.75410622540605
"527",527,-109.21497737354,3.48863551023523e-10,-3.81011248314869e-08
"528",528,95.1665945769193,2.42038850258536e-06,0.000230340131344178
"529",529,-140.548075262026,0.382329986469524,-53.735743713248
"530",530,-28.4939256535821,0.0302046514783312,-0.860649093615928
"531",531,-75.2179758227729,0.397047111156135,-29.865080007444
"532",532,-16.2865327666046,0.00762058066414166,-0.124112836687097
"533",533,82.9187650033333,1.80749408631096e-06,0.000149875177387733
"534",534,-167.060990823292,0.25107028373983,-41.9440503678611
"535",535,47.8454556776688,0.327404102490619,15.6647984744018
"536",536,95.9237659862892,0.493147985389366,47.3046119470995
"537",537,1.54948345199757,0.00248900377000714,0.00385667015358563
"538",538,-51.7014813072881,1.54396960915577e-12,-7.9825515886788e-11
"539",539,132.525383199472,2.07095454443145e-10,2.74454044589466e-08
"540",540,82.3603993606555,0.246305766386513,20.2858412844255
"541",541,-118.468938780674,0.0284402117816902,-3.36928170847446
"542",542,64.787316756949,1.04555608325497e-05,0.000677387731529947
"543",543,92.7278739032589,5.65216891232388e-06,0.000524113606181889
"544",544,71.2170699424999,0.331215657387769,23.5882086382358
"545",545,-49.3248028919187,1.23463830066486e-06,-6.08982908231077e-05
"546",546,-179.65372982368,0.0100773312676884,-1.81043014890901
"547",547,116.8747734032,0.0771260944418913,9.01409481136985
"548",548,95.825998463577,5.14145016244156e-05,0.00492684595366683
"549",549,124.922630659238,0.199700146780461,24.9470676788511
"550",550,137.749268046051,0.221713852306004,30.5409208708223
"551",551,1.53335105886906,0.0718348065720455,0.1101479767209
"552",552,-35.7037383444231,0.0677350833031684,-2.41839569099403
"553",553,32.586324338056,0.0801165042804288,2.6107023933133
"554",554,-19.3218300374103,4.17835664340728e-06,-8.07334968995997e-05
"555",555,129.759413447001,0.034658567923216,4.49727544462955
"556",556,104.307275265509,0.226984198086024,23.6761032306797
"557",557,142.874891842259,0.0736693271897821,10.5254971543321
"558",558,24.9624975529327,0.872962903076251,21.7913343318419
"559",559,3.29353994433698,0.204428308310056,0.673292799172405
"560",560,-79.7449356919839,0.246264288743102,-19.6383298690508
"561",561,-136.826761805056,7.71864210849003e-05,-0.0105611680523684
"562",562,-44.068265605566,0.142970330112754,-6.30045448112429
"563",563,60.3811192855821,4.68918904442303e-06,0.000283138483043952
"564",564,78.6456936453221,0.0150903234419484,1.1867889544243
"565",565,53.3692805276058,0.00154020658483072,0.0821997172962964
"566",566,53.6150130227073,0.295541396616907,15.8454558283646
"567",567,-5.85376031941263,0.0933203048417188,-0.546274697477944
"568",568,70.1322984341222,0.922376597202436,64.6883907836514
"569",569,64.846291427564,0.376720028344221,24.4288967446095
"570",570,-80.749228356908,1.58246742861664e-07,-1.27783023760734e-05
"571",571,-39.0064934160052,1.81152868953833e-07,-7.06613819013814e-06
"572",572,39.6842987498633,9.28185078662171e-08,3.6834373956795e-06
"573",573,48.3351553306236,0.00553152919383968,0.26736732280012
"574",574,21.5511831418601,1.50570243146752e-05,0.000324496688577006
"575",575,-26.1665130178473,0.362654235698656,-9.48939677938634
"576",576,-111.633161351108,6.93095478755769e-05,-0.00773724394116662
"577",577,163.035586658284,0.11779104044847,19.204131382606
"578",578,65.4296198005279,0.393408834450797,25.7405904642845
"579",579,-104.42725073711,0.190221223874577,-19.8642794410704
"580",580,65.3776312831856,0.0731681539300132,4.78356058930777
"581",581,33.8867048451556,6.50153410134846e-11,2.20315567133109e-09
"582",582,-26.512557684379,0.00110747693603616,-0.029362046150778
"583",583,-7.83730383854739,0.507848672615524,-3.98016435129084
"584",584,-53.7199928978486,0.0152974787448604,-0.821780449528891
"585",585,118.983594299854,0.788498360676999,93.818369052892
"586",586,8.45742263883318,0.244927907232069,2.07145882750653
"587",587,11.1913449491794,0.165706673421626,1.85448054264243
"588",588,47.7299930293836,0.292668295598443,13.9690557088353
"589",589,122.467659666631,0.000709416306317848,0.0868805547640926
"590",590,36.2371910831183,4.98574423812124e-06,0.000180669366648355
"591",591,-152.793702905751,0.0476749920180148,-7.2844385664346
"592",592,140.660220464059,7.84205922705228e-08,1.10306577976938e-05
"593",593,51.7053952519523,0.669435631301333,34.6134339121756
"594",594,94.3427000365126,0.124531437885756,11.7486320895715
"595",595,25.4663225790106,0.897221369859763,22.8489288296305
"596",596,-31.2886723794927,0.242899724406951,-7.60000989803816
"597",597,-42.8160350232546,0.00314126027004566,-0.134496309739433
"598",598,53.5064438723212,2.20966214785786e-08,1.18231163691149e-06
"599",599,-74.926071794346,0.615458977968548,-46.1139235697462
"600",600,112.726537483029,0.127103873654625,14.3279795777663
"601",601,-19.7069005328387,0.00112892740992029,-0.0222476601760944
"602",602,-31.1627446074263,1.3158636530052e-05,-0.000410059229567961
"603",603,46.0978055293142,0.782574044283462,36.0749461056679
"604",604,115.712043109822,0.0542640641944576,6.27900573538323
"605",605,57.4253790301889,0.0216889448519154,1.24549587888611
"606",606,20.7573880826157,0.0318897724778236,0.661948383188502
"607",607,125.281750929953,0.901155812353516,112.898378032353
"608",608,4.05667916416669,1.04370851456443e-05,4.23399058449689e-05
"609",609,-64.9925068868823,0.0512323627846565,-3.32971969111304
"610",610,-30.9838235396798,0.0630805742453925,-1.95447738120091
"611",611,-2.73234216167091,0.000165805478745086,-0.000453037300211228
"612",612,-27.8403614010973,0.72658314151054,-20.2283372475981
"613",613,-34.9811791302324,0.00360782730641867,-0.126206053276775
"614",614,15.7788766996027,0.0130667237530196,0.206178222966666
"615",615,56.0950763523514,0.0598046697203788,3.35474751419181
"616",616,-37.5222336426449,0.416840756275512,-15.6407962487466
"617",617,271.643873367952,0.310481724821667,84.3404583405202
"618",618,18.0590263536566,0.293443418209545,5.29930242275325
"619",619,-28.411118949374,4.70767262529225e-08,-1.3375024693189e-06
"620",620,6.11532524200253,0.0900111650795375,0.550447549872952
"621",621,12.0299981235869,1.53959755649178e-05,0.000185213557156751
"622",622,42.6176819625184,0.0314144605434331,1.33881148846411
"623",623,49.1945031141461,0.0573799057084938,2.82277595006591
"624",624,-13.9826389130414,0.657983795816806,-9.20034982753876
"625",625,-159.311941498114,0.536103056569264,-85.4076187851227
"626",626,-94.1766438071195,0.0168958847148957,-1.59119771660089
"627",627,19.6666174575637,3.48863551023523e-10,6.86096600286688e-09
"628",628,86.3435617122182,2.42038850258536e-06,0.000208984964040522
"629",629,81.1898280038438,0.382329986469524,31.0413058421726
"630",630,31.0706187418334,0.0302046514783312,0.938477210313183
"631",631,-156.185547012416,0.397047111156135,-62.0130202456205
"632",632,-7.6732079430486,0.00762058066414166,-0.0584743000827344
"633",633,-11.9686251521972,1.80749408631096e-06,-2.16332191838691e-05
"634",634,83.5284958919623,0.25107028373983,20.9715231639562
"635",635,-6.18453280067353,0.327404102490619,-2.02484141092831
"636",636,75.686248632798,0.493147985389366,37.324521034943
"637",637,-40.3108316486162,0.00248900377000714,-0.100333811945529
"638",638,-73.8238415887254,1.54396960915577e-12,-1.13981767844122e-10
"639",639,77.1021664335192,2.07095454443145e-10,1.59675081961007e-08
"640",640,6.28528104258781,0.246305766386513,1.54810096414921
"641",641,93.8534384820548,0.0284402117816902,2.66921166686947
"642",642,-27.0317089933151,1.04555608325497e-05,-0.000282631677787387
"643",643,107.974693669698,5.65216891232388e-06,0.000610291206877561
"644",644,3.13557054248597,0.331215657387769,1.03855005851521
"645",645,-20.0953319266199,1.23463830066486e-06,-2.48104664611783e-05
"646",646,231.862499813266,0.0100773312676884,2.33655521917262
"647",647,17.3169957609226,0.0771260944418913,1.33559225050675
"648",648,2.22184661634857,5.14145016244156e-05,0.000114235136465456
"649",649,117.570511019928,0.199700146780461,23.4788483077334
"650",650,1.23612012579779,0.221713852306004,0.27406495500361
"651",651,52.8001867334084,0.0718348065720455,3.79289120096228
"652",652,-101.195902072015,0.0677350833031684,-6.85451285678721
"653",653,-62.9302122363619,0.0801165042804288,-5.04174861800278
"654",654,115.266927190736,4.17835664340728e-06,0.000481626330992555
"655",655,135.779218058065,0.034658567923216,4.7059132516266
"656",656,0.87493239563327,0.226984198086024,0.198595828202302
"657",657,1.88806245856466,0.0736693271897821,0.139092291014744
"658",658,-69.1599877876679,0.872962903076251,-60.3741037158406
"659",659,61.5597042968928,0.204428308310056,12.5845462094811
"660",660,91.8752175439352,0.246264288743102,22.625585101575
"661",661,-2.00422057931868,7.71864210849003e-05,-0.000154698613582314
"662",662,10.6018451504955,0.142970330112754,1.51574930097064
"663",663,40.8940206669964,4.68918904442303e-06,0.000191759793694088
"664",664,122.283420551919,0.0150903234419484,1.84529636771626
"665",665,35.980664278947,0.00154020658483072,0.0554176560490176
"666",666,66.8495866013354,0.295541396616907,19.7568201874215
"667",667,65.6981738342528,0.0933203048417188,6.1309736097567
"668",668,99.7098924325851,0.922376597202436,91.9700712893888
"669",669,42.9670592056155,0.376720028344221,16.1865517618073
"670",670,49.6535331638987,1.58246742861664e-07,7.85750989476058e-06
"671",671,-73.4322217119256,1.81152868953833e-07,-1.33024576367693e-05
"672",672,240.691421460029,9.28185078662171e-08,2.23406185961187e-05
"673",673,94.5001553894724,0.00553152919383968,0.522730368359253
"674",674,168.390710842826,1.50570243146752e-05,0.00253546302752587
"675",675,-127.190574362285,0.362654235698656,-46.1262005334275
"676",676,-40.5587786784605,6.93095478755769e-05,-0.00281111061258969
"677",677,-7.95183884102453,0.11779104044847,-0.936655370562835
"678",678,-12.929921874961,0.393408834450797,-5.08674549436827
"679",679,36.446474168105,0.190221223874577,6.93289292217009
"680",680,59.2980241355203,0.0731681539300132,4.33872695769339
"681",681,166.088325694908,6.50153410134846e-11,1.07982891334131e-08
"682",682,91.466137739679,0.00110747693603616,0.101296637975001
"683",683,44.9936861936446,0.507848672615524,22.8499838095218
"684",684,-3.8554541739761,0.0152974787448604,-0.0589787282781827
"685",685,-91.4567784788918,0.788498360676999,-72.1135199034056
"686",686,-1.7311186327317,0.244927907232069,-0.423999263885416
"687",687,-61.7681445107925,0.165706673421626,-10.2353937503097
"688",688,-68.214335044757,0.292668295598443,-19.9641731729302
"689",689,-110.081735310744,0.000709416306317848,-0.078093778057207
"690",690,-157.382199440146,4.98574423812124e-06,-0.000784667394041556
"691",691,55.9577641698663,0.0476749920180148,2.66778596014433
"692",692,99.553147619441,7.84205922705228e-08,7.80701679871135e-06
"693",693,13.4881194765845,0.669435631301333,9.02942777687515
"694",694,-91.801772864678,0.124531437885756,-11.4322067752999
"695",695,43.0751708117556,0.897221369859763,38.6479637626666
"696",696,-164.27199054983,0.242899724406951,-39.901621232335
"697",697,-101.205357454669,0.00314126027004566,-0.317912368488121
"698",698,-122.80811340661,2.20966214785786e-08,-2.71364439644421e-06
"699",699,-51.3844086074751,0.615458977968548,-31.6249956050749
"700",700,55.7317103705626,0.127103873654625,7.08371627349614
"701",701,-61.6916541504387,0.00112892740992029,-0.0696453993337531
"702",702,0.17156544420159,1.3158636530052e-05,2.25756732136564e-06
"703",703,-105.014911971517,0.782574044283462,-82.1819443716218
"704",704,-62.0742041112198,0.0542640641944576,-3.36839859671109
"705",705,30.5198144856771,0.0216889448519154,0.661942573270539
"706",706,119.748370211898,0.0318897724778236,3.81874828064762
"707",707,48.1068941484724,0.901155812353516,43.3518072761713
"708",708,-114.412565961734,1.04370851456443e-05,-0.00119413369267426
"709",709,140.380241963423,0.0512323627846565,7.19201148406795
"710",710,-56.2572193607915,0.0630805742453925,-3.54873770272774
"711",711,63.524483015876,0.000165805478745086,0.0105327073184814
"712",712,27.8111786231702,0.72658314151054,20.2071335331338
"713",713,-45.1072839646115,0.00360782730641867,-0.162739290805906
"714",714,29.233583147037,0.0130667237530196,0.381987155293262
"715",715,37.7457038136971,0.0598046697203788,2.2573693499414
"716",716,-42.1548393825525,0.416840756275512,-17.5718551288959
"717",717,-70.8369681559618,0.310481724821667,-21.9935840542005
"718",718,28.5423930779295,0.293443418209545,8.37557738866809
"719",719,71.8001057587421,4.70767262529225e-08,3.38011392373519e-06
"720",720,-148.665690339847,0.0900111650795375,-13.3815719948434
"721",721,185.317560538346,1.53959755649178e-05,0.00285314463379855
"722",722,22.6267138448434,0.0314144605434331,0.710806009306384
"723",723,177.956930076894,0.0573799057084938,10.2111518679852
"724",724,94.4878204308402,0.657983795816806,62.171454745541
"725",725,64.4614889635405,0.536103056569264,34.5580012643599
"726",726,124.380612826328,0.0168958847148957,2.10152049508172
"727",727,-66.7624020094956,3.48863551023523e-10,-2.32909686398926e-08
"728",728,-30.1807486807257,2.42038850258536e-06,-7.30491371062468e-05
"729",729,-77.7145843317619,0.382329986469524,-29.7126159760472
"730",730,-56.234360641807,0.0302046514783312,-1.69853926429257
"731",731,119.041378825819,0.397047111156135,47.2650355708345
"732",732,20.3099189936313,0.00762058066414166,0.15477337597315
"733",733,45.4225587912138,1.80749408631096e-06,8.21010064002309e-05
"734",734,27.1254741086508,0.25107028373983,6.81040048103637
"735",735,20.9248695557921,0.327404102490619,6.85088813664739
"736",736,-62.7280126154116,0.493147985389366,-30.934193048769
"737",737,130.657980377497,0.00248900377000714,0.325208205741109
"738",738,-98.8202321168325,1.54396960915577e-12,-1.52575435158108e-10
"739",739,-64.1417955754328,2.07095454443145e-10,-1.32834743034936e-08
"740",740,20.2337166474278,0.246305766386513,4.98368108569225
"741",741,87.789384584965,0.0284402117816902,2.49674868978065
"742",742,-0.454683877614039,1.04555608325497e-05,-4.75397494197317e-06
"743",743,-30.8578075045622,5.65216891232388e-06,-0.000174413540279761
"744",744,56.626571921583,0.331215657387769,18.7556072446229
"745",745,-70.0766291961462,1.23463830066486e-06,-8.65192903870515e-05
"746",746,-80.8644064450033,0.0100773312676884,-0.814897411511295
"747",747,21.5204631880085,0.0771260944418913,1.65978927627159
"748",748,157.845400695401,5.14145016244156e-05,0.00811554261046023
"749",749,-91.4684302086239,0.199700146780461,-18.2662589384405
"750",750,11.2269203564536,0.221713852306004,2.48916376176202
"751",751,-25.7336724824472,0.0718348065720455,-1.84857338516496
"752",752,-24.3929413582277,0.0677350833031684,-1.65225791490885
"753",753,94.7792192240462,0.0801165042804288,7.593379722659
"754",754,24.7576249408453,4.17835664340728e-06,0.000103446186646567
"755",755,42.2700499181847,0.034658567923216,1.46501939620714
"756",756,39.0297691626679,0.226984198086024,8.8591408548708
"757",757,18.0179400281983,0.0736693271897821,1.32736951922321
"758",758,-138.407544240732,0.872962903076251,-120.824651628044
"759",759,-92.4283286029748,0.204428308310056,-18.8949668562321
"760",760,-62.1283717973771,0.246264288743102,-15.2999992914481
"761",761,-57.7342434093975,7.71864210849003e-05,-0.00445629962281589
"762",762,36.1404161968047,0.142970330112754,5.16700723406949
"763",763,-90.7073893762679,4.68918904442303e-06,-0.000425344096511409
"764",764,60.0752824123544,0.0150903234419484,0.906555442468822
"765",765,6.27970377956126,0.00154020658483072,0.00967204111206661
"766",766,30.6947131961867,0.295541396616907,9.07155840675642
"767",767,20.3512124123479,0.0933203048417188,1.89918134621888
"768",768,83.2732946130498,0.922376597202436,76.8093381230208
"769",769,-41.5778202273187,0.376720028344221,-15.6631976145264
"770",770,5.37012308306639,1.58246742861664e-07,8.49804486661493e-07
"771",771,-122.319975217237,1.81152868953833e-07,-2.21586144409642e-05
"772",772,15.6226527424479,9.28185078662171e-08,1.45007131646608e-06
"773",773,-16.1305445032757,0.00553152919383968,-0.0892265778323997
"774",774,55.0753555535394,1.50570243146752e-05,0.000829270967709025
"775",775,21.3855252774681,0.362654235698656,7.75555132451448
"776",776,75.3051063650528,6.93095478755769e-05,0.00521936287488404
"777",777,-7.79761899298338,0.11779104044847,-0.918489654204263
"778",778,-82.5674844426548,0.393408834450797,-32.4827778181191
"779",779,1.37389536668105,0.190221223874577,0.26134405812568
"780",780,5.72410372648391,0.0731681539300132,0.418822102570737
"781",781,42.4885799800081,6.50153410134846e-11,2.76240951657894e-09
"782",782,24.9981150853983,0.00110747693603616,0.0276848359014562
"783",783,5.71212298989005,0.507848672615524,2.90089407823228
"784",784,-11.2770150057727,0.0152974787448604,-0.17250989735628
"785",785,-60.1982430499258,0.788498360676999,-47.466215960502
"786",786,69.3124685511947,0.244927907232069,16.9765578673327
"787",787,-22.4511215632728,0.165706673421626,-3.72030066883447
"788",788,42.1909514120677,0.292668295598443,12.3479538394466
"789",789,69.567557798143,0.000709416306317848,0.049352359892712
"790",790,37.2281099412436,4.98574423812124e-06,0.000185609834635699
"791",791,25.5799200649031,0.0476749920180148,1.21952248491571
"792",792,-97.0604230934693,7.84205922705228e-08,-7.61153586501739e-06
"793",793,63.6253148272511,0.669435631301333,42.5930527981269
"794",794,-85.1700490912972,0.124531437885756,-10.6063486781397
"795",795,-16.3354858068012,0.897221369859763,-14.6565469529029
"796",796,54.2084739948072,0.242899724406951,13.16722339386
"797",797,61.9326760504723,0.00314126027004566,0.194546654694957
"798",798,-117.242090335506,2.20966214785786e-08,-2.59065409150099e-06
"799",799,254.305604150299,0.615458977968548,156.514667222017
"800",800,-13.1287388218139,0.127103873654625,-1.6687135604524
"801",801,54.9791920204377,0.00112892740992029,0.062067516847143
"802",802,82.4395849224359,1.3158636530052e-05,0.00108479253368269
"803",803,-191.015730856861,0.782574044283462,-149.483953018415
"804",804,-159.885111302961,0.0542640641944576,-8.67601594348187
"805",805,-33.4376346794377,0.0216889448519154,-0.725227014540818
"806",806,-110.986452777104,0.0318897724778236,-3.53933272718256
"807",807,30.1970337674855,0.901155812353516,27.212232495405
"808",808,-54.0941083162452,1.04370851456443e-05,-0.000564584814374356
"809",809,82.4185809419357,0.0512323627846565,4.22249863901383
"810",810,100.781351836479,0.0630805742453925,6.35734554707204
"811",811,-13.2530903991598,0.000165805478745086,-0.00219743499848459
"812",812,49.6657135537074,0.72658314151054,36.0862701792153
"813",813,9.43267834066768,0.00360782730641867,0.0340314744901248
"814",814,-69.141047774507,0.0130667237530196,-0.903446971263814
"815",815,2.00714667885162,0.0598046697203788,0.120036744209076
"816",816,4.21159966061235,0.416840756275512,1.75556638765934
"817",817,113.573612909627,0.310481724821667,35.2625312304093
"818",818,121.393781166063,0.293443418209545,35.622206094751
"819",819,82.1378544754109,4.70767262529225e-08,3.8667812901413e-06
"820",820,62.0954556357716,0.0900111650795375,5.58928430792054
"821",821,7.0254663236694,1.53959755649178e-05,0.000108163907851367
"822",822,100.317811464391,0.0314144605434331,3.15142993005167
"823",823,90.9340452308847,0.0573799057084938,5.21778694104007
"824",824,65.1032719590891,0.657983795816806,42.8368980037353
"825",825,-27.1226269161535,0.536103056569264,-14.5405231919377
"826",826,62.5742024158923,0.0168958847148957,1.05724651014546
"827",827,-49.829778872526,3.48863551023523e-10,-1.73837936041863e-08
"828",828,127.714043313943,2.42038850258536e-06,0.000309117602055756
"829",829,50.2572074303487,0.382329986469524,19.2148374368413
"830",830,27.3844615352414,0.0302046514783312,0.827138116593733
"831",831,120.079182422508,0.397047111156135,47.6770924908473
"832",832,13.8837279768233,0.00762058066414166,0.105802068966382
"833",833,-81.0340281559923,1.80749408631096e-06,-0.000146468526681912
"834",834,39.4832291524882,0.25107028373983,9.91306554627994
"835",835,119.195019158913,0.327404102490619,39.024938269076
"836",836,50.0378961021879,0.493147985389366,24.6760876559164
"837",837,143.081977961629,0.00248900377000714,0.356131582566573
"838",838,45.2670338422135,1.54396960915577e-12,6.98909245490034e-11
"839",839,-5.34269586382619,2.07095454443145e-10,-1.1064480278706e-09
"840",840,-88.738582361597,0.246305766386513,-21.8568245366259
"841",841,-21.608932277259,0.0284402117816902,-0.614562610341447
"842",842,23.0796627172036,1.04555608325497e-05,0.000241310817534452
"843",843,53.4670646212349,5.65216891232388e-06,0.000302204880485356
"844",844,62.9192997430728,0.331215657387769,20.8398572267799
"845",845,-72.3513149237047,1.23463830066486e-06,-8.93277045082709e-05
"846",846,42.930174229907,0.0100773312676884,0.432621587094353
"847",847,-46.2435625585041,0.0771260944418913,-3.5665853732167
"848",848,163.11220017189,5.14145016244156e-05,0.00838633248069964
"849",849,26.4406466171885,0.199700146780461,5.28020101042284
"850",850,-15.2448481489114,0.221713852306004,-3.3799940109152
"851",851,56.8069865017481,0.0718348065720455,4.08071888729387
"852",852,10.7233063186745,0.0677350833031684,0.726344046780809
"853",853,-40.2825140936492,0.0801165042804288,-3.22729421281028
"854",854,68.2569846107596,4.17835664340728e-06,0.000285202025107316
"855",855,34.5566941499876,0.034658567923216,1.19768553139915
"856",856,-68.965786729485,0.226984198086024,-15.6541437961639
"857",857,45.7050042222327,0.0736693271897821,3.36705691025803
"858",858,49.9070388666472,0.872962903076251,43.5669935329676
"859",859,-24.2687386453047,0.204428308310056,-4.96121718607852
"860",860,-62.1088203642188,0.246264288743102,-15.2951844716674
"861",861,-14.8307952112179,7.71864210849003e-05,-0.00114473600419699
"862",862,43.1114576152824,0.142970330112754,6.16365932689893
"863",863,-63.5852057393395,4.68918904442303e-06,-0.000298163050140295
"864",864,-55.8454179747259,0.0150903234419484,-0.842725419989413
"865",865,-6.99113312852225,0.00154020658483072,-0.0107677892799782
"866",866,108.208661820894,0.295541396616907,31.9801390405936
"867",867,-60.0528827278339,0.0933203048417188,-5.60415332278545
"868",868,-18.6350436793076,0.922376597202436,-17.1885281776385
"869",869,-36.4578042192641,0.376720028344221,-13.7343850388492
"870",870,30.611747341751,1.58246742861664e-07,4.8442093101363e-06
"871",871,80.6163797054469,1.81152868953833e-07,1.46038884683133e-05
"872",872,-88.8823814779757,9.28185078662171e-08,-8.2499300243816e-06
"873",873,106.118014515914,0.00553152919383968,0.586994895287081
"874",874,-14.4363883722576,1.50570243146752e-05,-0.000217369050737177
"875",875,78.424352148558,0.362654235698656,28.4409234885976
"876",876,-30.3020923419756,6.93095478755769e-05,-0.00210022431990631
"877",877,-152.828429001869,0.11779104044847,-18.0018196622353
"878",878,17.0784272050907,0.393408834450797,6.71880414100752
"879",879,124.279836452912,0.190221223874577,23.6406625930052
"880",880,83.5535275371787,0.0731681539300132,6.11345736423589
"881",881,-50.4338971804671,6.50153410134846e-11,-3.27897702382709e-09
"882",882,-127.054875892742,0.00110747693603616,-0.140710344662148
"883",883,-56.814358964886,0.507848672615524,-28.8530967858193
"884",884,23.5158241888932,0.0152974787448604,0.359732820697468
"885",885,103.022078323081,0.788498360676999,81.2327398712868
"886",886,108.71247308102,0.244927907232069,26.6267185217569
"887",887,21.533302084988,0.165706673421626,3.56821185628633
"888",888,78.4502759453678,0.292668295598443,22.9599085501583
"889",889,-37.8134047694898,0.000709416306317848,-0.0268254459408732
"890",890,132.045594350721,4.98574423812124e-06,0.000658345561203402
"891",891,125.161575090978,0.0476749920180148,5.96707709342454
"892",892,-42.2049952597979,7.84205922705228e-08,-3.30974072504796e-06
"893",893,20.1925850554642,0.669435631301333,13.5176359242105
"894",894,-25.4044151492305,0.124531437885756,-3.16364834718036
"895",895,107.551169204244,0.897221369859763,96.497207363451
"896",896,-14.7218366063221,0.242899724406951,-3.5759300544398
"897",897,-72.6560562318672,0.00314126027004566,-0.228231582819368
"898",898,153.726420931202,2.20966214785786e-08,3.39683453457341e-06
"899",899,-60.956942259813,0.615458977968548,-37.5164973833123
"900",900,22.1397431837997,0.127103873654625,2.81404712037952
"901",901,-24.0212097053817,0.00112892740992029,-0.0271182020558487
"902",902,-125.458874465988,1.3158636530052e-05,-0.00165086772856736
"903",903,31.1840679365769,0.782574044283462,24.4038421623372
"904",904,36.0546175810741,0.0542640641944576,1.95647008292602
"905",905,-39.6797458850374,0.0216889448519154,-0.860611820238593
"906",906,155.457392290936,0.0318897724778236,4.95750087015372
"907",907,-21.3429307423601,0.901155812353516,-19.2333060911363
"908",908,37.5724556563701,1.04370851456443e-05,0.00039214691881648
"909",909,-51.6421664591772,0.0512323627846565,-2.64575020702219
"910",910,71.1918759859822,0.0630805742453925,4.49082441880253
"911",911,66.4309988705581,0.000165805478745086,0.0110146235712472
"912",912,119.739884050059,0.72658314151054,87.0009811171997
"913",913,-38.0784921232416,0.00360782730641867,-0.137380623669479
"914",914,30.9901541089306,0.0130667237530196,0.404939782804901
"915",915,23.149507723281,0.0598046697203788,1.38444866358018
"916",916,136.879457279156,0.416840756275512,57.056936490825
"917",917,-15.2008997498512,0.310481724821667,-4.71960157317505
"918",918,161.258856295338,0.293443418209545,47.3203500078658
"919",919,-15.1328620536403,4.70767262529225e-08,-7.12405604322463e-07
"920",920,-67.5903555605212,0.0900111650795375,-6.08388665214271
"921",921,-50.9053395566339,1.53959755649178e-05,-0.000783737363937779
"922",922,-74.8403007260402,0.0314144605434331,-2.35106767421686
"923",923,-89.7864917210669,0.0573799057084938,-5.15194042885128
"924",924,-34.9524386045553,0.657983795816806,-22.9981382260792
"925",925,149.253844183215,0.536103056569264,80.0154420713342
"926",926,-19.3995302576556,0.0168958847148957,-0.32777222675648
"927",927,53.0983710460561,3.48863551023523e-10,1.85240862766917e-08
"928",928,14.717836498133,2.42038850258536e-06,3.56228822430123e-05
"929",929,-38.0068577709359,0.382329986469524,-14.531161417311
"930",930,-14.0212656068404,0.0302046514783312,-0.423507440939726
"931",931,-148.84901635895,0.397047111156135,-59.1000719437534
"932",932,88.2525735020999,0.00762058066414166,0.672535855190843
"933",933,19.5784022145087,1.80749408631096e-06,3.53878462221419e-05
"934",934,-19.0358688362644,0.25107028373983,-4.77934098995509
"935",935,36.7096989612713,0.327404102490619,12.0189060411158
"936",936,8.6740112036237,0.493147985389366,4.27757115031182
"937",937,-6.0468614792015,0.00248900377000714,-0.0150506610184435
"938",938,-38.8064492142418,1.54396960915577e-12,-5.99159782260362e-11
"939",939,-100.169236577291,2.07095454443145e-10,-2.0744593570197e-08
"940",940,3.88927445663604,0.246305766386513,0.957950725729229
"941",941,-2.29847916182047,0.0284402117816902,-0.0653692341379759
"942",942,117.766239530263,1.04555608325497e-05,0.00123131208142928
"943",943,15.9703001647339,5.65216891232388e-06,9.02668341115899e-05
"944",944,49.0089852670897,0.331215657387769,16.2325432731466
"945",945,21.4834586624229,1.23463830066486e-06,2.65243008953776e-05
"946",946,13.2639613783097,0.0100773312676884,0.133665332731052
"947",947,-12.9943671560812,0.0771260944418913,-1.00220478849253
"948",948,-83.1256170129455,5.14145016244156e-05,-0.00427386217094264
"949",949,-159.010317137257,0.199700146780461,-31.7543836719179
"950",950,59.061861369785,0.221713852306004,13.0948328086582
"951",951,-15.8474581867653,0.0718348065720455,-1.13839909350486
"952",952,182.820157160275,0.0677350833031684,12.3833385747496
"953",953,37.7337559667171,0.0801165042804288,3.02309662142415
"954",954,41.6261230624168,4.17835664340728e-06,0.000173928787837138
"955",955,138.269273682457,0.034658567923216,4.79221501361718
"956",956,110.625852856468,0.226984198086024,25.1103204982079
"957",957,81.4063821471984,0.0736693271897821,5.9971534017384
"958",958,-56.6409287947394,0.872962903076251,-49.4454296335909
"959",959,-164.42266854997,0.204428308310056,-33.6126479794954
"960",960,-74.8376209795417,0.246264288743102,-18.4298335017527
"961",961,245.430649168415,7.71864210849003e-05,0.0189439134338537
"962",962,126.392164114113,0.142970330112754,18.0703294270601
"963",963,88.698277582562,4.68918904442303e-06,0.000415922991499343
"964",964,-60.4552083314783,0.0150903234419484,-0.912288647472381
"965",965,0.738676642504037,0.00154020658483072,0.00113771462884537
"966",966,29.8138026917558,0.295541396616907,8.81121288598241
"967",967,-35.8024659450594,0.0933203048417188,-3.3410970360782
"968",968,17.7321936708917,0.922376597202436,16.3557604590917
"969",969,-1.47297973021305,0.376720028344221,-0.554900965716323
"970",970,-67.646280680724,1.58246742861664e-07,-1.07048035844305e-05
"971",971,-59.2822988538594,1.81152868953833e-07,-1.07391585155552e-05
"972",972,97.538414360309,9.28185078662171e-08,9.05337008056068e-06
"973",973,85.3834881389699,0.00553152919383968,0.472301257312576
"974",974,65.1344688454056,1.50570243146752e-05,0.000980731281128727
"975",975,75.7716988044909,0.362654235698656,27.4789275175314
"976",976,-100.126182622834,6.93095478755769e-05,-0.00693970044809607
"977",977,124.286798494487,0.11779104044847,14.639871308675
"978",978,-45.7510886292959,0.393408834450797,-17.9988824525064
"979",979,-83.1188350522105,0.190221223874577,-15.8109665306606
"980",980,126.713054330566,0.0731681539300132,9.27136026420098
"981",981,77.8709691370382,6.50153410134846e-11,5.06280761349507e-09
"982",982,145.886351671771,0.00110747693603616,0.161565769758947
"983",983,24.6245513118669,0.507848672615524,12.5055456974845
"984",984,34.5719527931032,0.0152974787448604,0.528863713020813
"985",985,-104.668562886637,0.788498360676999,-82.5309902505306
"986",986,-13.3114477038675,0.244927907232069,-3.2603450283374
"987",987,-152.078164412082,0.165706673421626,-25.2003667247932
"988",988,7.01408952383805,0.292668295598443,2.05280162611658
"989",989,83.9533985113967,0.000709416306317848,0.0595579098747854
"990",990,132.45048595579,4.98574423812124e-06,0.000660364247190438
"991",991,-5.55903024928138,0.0476749920180148,-0.265026722762393
"992",992,29.1897843402693,7.84205922705228e-08,2.28908017621275e-06
"993",993,-152.720447260431,0.669435631301333,-102.236509024409
"994",994,-11.3886356421841,0.124531437885756,-1.41824317207816
"995",995,76.0793484626869,0.897221369859763,68.2600172457302
"996",996,71.6133099898102,0.242899724406951,17.3948532603945
"997",997,11.8729020274728,0.00314126027004566,0.0372958754290449
"998",998,111.783322738381,2.20966214785786e-08,2.47003377016779e-06
"999",999,126.19544268636,0.615458977968548,77.6681181800356
"1000",1000,50.0307565195989,0.127103873654625,6.35910295551241
